key,zh_CN,en
"MENU_SUBTITLE","中文社卡牌RPG - 测试版","CCFT Card RPG - Test Version"
"MENU_START","开始游戏","Start Game"
"MENU_QUIT","退出","Quit"
"MENU_SETTINGS","设置","Settings"
"MENU_LANGUAGE","语言","Language"
"MENU_LOAD_SAVE","加载存档","Load Save"

"SAVE_START_TITLE","选择存档","Choose Your File"
"SAVE_START_SUBTITLE","选择一个空存档开始新游戏","Choose an empty slot to start a new game"
"SAVE_LOAD_TITLE","加载存档","Load Save"
"SAVE_LOAD_SUBTITLE","选择已有存档进入游戏，或删除不需要的存档","Choose an existing save to enter the game, or delete a save you no longer need"
"SAVE_EMPTY_SLOT","存档 %d：空","File %d: Empty"
"SAVE_SLOT_SUMMARY","存档 %d：当前 %s｜角色 %d｜%s","File %d: Current %s | Characters %d | %s"
"SAVE_NEW","新建","New"
"SAVE_LOAD","加载","Load"
"SAVE_DELETE","删除","Delete"
"SAVE_USED","已有存档","Used"
"SAVE_DELETE_TITLE","删除存档","Delete Save File"
"SAVE_DELETE_CONFIRM","确定删除存档 %d 吗？","Delete save file %d?"

"LANGUAGE_ZH_CN","中文","Chinese"
"LANGUAGE_EN","English","English"

"SETTINGS_TITLE","设置","Settings"
"SETTINGS_DEVELOPER_MODE","开发者模式","Developer Mode"
"SETTINGS_DEVELOPER_DESCRIPTION","启用后，战斗中会显示测试工具。","Shows testing tools during battle when enabled."

"MAP_BACK","返回","Back"
"MAP_1_NAME","地图 1","Map 1"
"MAP_NO_MAPS","没有可用的地图","No maps are available"

"LEVEL_1_NAME","F1 - 谈话室","F1 - Conversation Room"
"LEVEL_1_DESCRIPTION","βudding，很高兴见到你！但是怎么解决这个东西...","Nice to meet you, βudding! But, how do we deal with this..."
"LEVEL_2_NAME","F1 - 高三一班","F1 - S3C1"
"LEVEL_2_DESCRIPTION","里面看起来有一只...包子？","Is that...a bun?"
"LEVEL_3_NAME","F1 - 高三二班","F1 - S3C2"
"LEVEL_3_DESCRIPTION","高三二班——二是两只一起来的意思吗？","S3C2——Does the 2 mean 2 monsters?"
"LEVEL_4_NAME","F1 - 高三三班","F1 - S3C3"
"LEVEL_4_DESCRIPTION","好大的怪物...还好天才兔加入了我们","That one is HUGE...At least we have Dr. Rabbert now"


"PREP_LEVEL_FORMAT","第 %s 关","Level %s"
"PREP_WAVE_COUNT","波数：%d","Waves: %d"
"PREP_EMPTY_SLOT","选择角色","Choose Character"
"PREP_START_LEVEL","进入关卡","Start Level"

"DEV_TITLE","开发者工具","Developer Tools"
"DEV_ADD_CULTURE_MASK","添加一只文化面具","Add Culture Mask"
"DEV_ADD_GENERAL_CARD","添加孔子药水","Add Potion of Confucius"
"DEV_ADD_SIX_SEVEN","添加 Six Seven","Add Six Seven"
"DEV_CLEAR_ENEMIES","清空敌方","Clear Enemies"
"DEV_DEFEAT_PLAYERS","全员阵亡","Defeat Team"
"DEV_SKIP_TURN","跳过本回合","Skip Turn"
"DEV_LOG_ADDED_MASK","开发者：添加了一只文化面具。","Developer: added a Culture Mask."
"DEV_LOG_ADDED_CARD","开发者：添加了一张孔子药水。","Developer: added a Potion of Confucius card."
"DEV_LOG_ADDED_SIX_SEVEN","彩蛋：获得了一张 Six Seven。","Secret: received a Six Seven card."
"DEV_LOG_ENEMY_LIMIT","开发者：场上最多允许 8 只存活怪物。","Developer: no more than 8 living enemies are allowed."
"DEV_LOG_CLEARED_ENEMIES","开发者：清空了当前敌方单位。","Developer: cleared current enemies."
"DEV_LOG_DEFEATED_PLAYERS","开发者：我方全员阵亡。","Developer: defeated the team."
"DEV_LOG_SKIPPED_TURN","开发者：跳过了当前玩家回合。","Developer: skipped the current player turn."

"UI_SHOP","商店","Shop"
"UI_LOG","日志","Log"
"UI_CANCEL","取消","Cancel"
"UI_CONTINUE","继续","Continue"
"UI_RETRY","重新挑战","Retry"
"UI_MAIN_MENU","回主菜单","Main Menu"
"UI_CLOSE","关闭","Close"
"UI_BUY","购买","Buy"
"UI_SELL","出售","Sell"
"UI_REFRESH","刷新 -0.5","Refresh -0.5"
"UI_SHOP_HINT","购买后加入队伍通用卡牌。","Purchased cards are added to the team's shared cards."
"UI_PRICE_FORMAT","%.1f TOEFL","%.1f TOEFL"
"UI_BALANCE_FORMAT","TOEFL %s","TOEFL %s"

"LOG_CARD_SOLD","出售了 %s，获得 %.2f New TOEFL。","Sold %s for %.2f New TOEFL."
"LOG_REFRESH_NO_FUNDS","New TOEFL 不足，无法刷新商店。","Not enough New TOEFL to refresh the shop."
"LOG_SHOP_REFRESHED","花费 0.5 New TOEFL 刷新商店。","Spent 0.5 New TOEFL to refresh the shop."
"LOG_BUY_INVALID_CHARACTER","无法给无法行动的角色购买卡牌。","Cards cannot be purchased for a character who cannot act."
"LOG_BUY_NO_FUNDS","New TOEFL 不足，无法购买 %s。","Not enough New TOEFL to purchase %s."
"LOG_CARD_PURCHASED","购买 %s，花费 %.1f New TOEFL","Purchased %s for %.1f New TOEFL."
"LOG_TEAM_GAIN_AP","获得 %.2f AP。","Gained %.2f AP."
"LOG_DEFENSE_GRANTED","%s 为 %s 提供 %.0f%% 本回合减伤。","%s granted %s %.0f%% damage reduction this turn."
"LOG_AP_CLEARED","队伍 AP 清零。","Team AP was reset."
"LOG_ATTACK_DAMAGE","%s 对 %s 造成 %d 伤害。","%s dealt damage to %s: %d."
"LOG_CURRENT_HP_DAMAGE","%s 命中 %s：当前生命 %d，取 %.0f%% 得到 %d 点基础伤害，最终造成 %d 伤害。","%s hit %s: current HP %d, %.0f%% gives %d base damage, dealing %d final damage."
"LOG_ALLY_EFFECT_APPLIED","%s 对 %s 施加了 %s。","%s applied an effect to %s: %s."
"LOG_ENEMY_EFFECT_APPLIED","%s 对 %s 施加了 %s。","%s applied an effect to %s: %s."
"LOG_MAX_HP_HEAL","%s 为 %s 回复了 %d 点生命。","%s restored %s for %d HP."
"LOG_ENEMY_STUNNED","%s 处于眩晕状态，跳过本次行动。","%s is stunned and skips this action."
"LOG_DAMAGE_IMMUNED","%s 的伤害免疫生效，完全抵挡了 %s 的攻击。","%s's damage immunity completely blocked %s's attack."
"LOG_EFFECT_SWALLOWED","%s 对 %s 没有产生新的效果。","%s produced no new effect on %s."
"LOG_GALL_NO_EFFECT","%s 正处于虚弱阶段，重复使用卧薪尝胆没有效果。","%s is in the weakness phase; another Gall of Goujian has no effect."
"LOG_GALL_STRENGTH_REFRESHED","%s 的力量阶段重置为 2 回合。","%s's strength phase was reset to 2 turns."
"LOG_GALL_APPLIED","%s 进入卧薪尝胆状态。","%s entered the Gall of Goujian sequence."
"LOG_DUAL_EFFECT_APPLIED","%s 的两段效果已施加给 %s。","Both effects of %s were applied to %s."
"LOG_DIRECT_HP_LOSS","%s 使 %s 直接失去 %d 点生命。","%s directly removed %d HP from %s."
"LOG_SKILL_HIT_ALL","%s 的技能击中 %s，造成 %d 伤害。","%s's skill hit %s for %d damage."
"LOG_SKILL_HIT_ONE","%s 的技能对 %s 造成 %d 伤害。","%s's skill dealt damage to %s: %d."
"LOG_ENEMY_TURN_START","敌方回合开始。","Enemy turn started."
"LOG_ENEMY_ATTACK","%s 攻击 %s，造成 %d 伤害。","%s attacked %s for %d damage."
"LOG_ENEMY_GROUP_ATTACK","%s 对全体发起攻击，命中 %s 并造成 %d 伤害。","%s launched a group attack, hitting %s for %d damage."
"LOG_ENEMY_SHIELD_ALL","%s 为全体存活敌人增加 %d 点护盾。","%s granted %d shield to all living enemies."
"LOG_NEXT_PLAYER_TURN","玩家回合 %d：请选择尚未行动的角色。","Player turn %d: choose a character who has not acted."
"LOG_NIAN_WEAKENING_STRIKE","%s 震吼 %s，施加 30%% 虚弱并造成 %d 伤害。","%s roared at %s, applying 30%% Weakness and dealing %d damage."
"LOG_NIAN_CHARGE_START","%s 开始蓄力，锁定目标：%s。","%s began charging and locked onto %s."
"LOG_NIAN_CHARGING","%s 正在蓄力，目标仍是 %s，剩余 %d 轮。","%s is charging. Target remains %s. %d turns left."
"LOG_NIAN_CHARGE_RELEASE","%s 释放蓄力攻击，命中 %s 并造成 %d 伤害。","%s released its charged attack, hitting %s for %d damage."
"LOG_NIAN_CHARGE_TARGET_LOST","%s 的蓄力目标 %s 已无法被攻击，蓄力消散。","%s lost its charged target %s, and the charge faded."
"LOG_BATTLE_START","战斗开始","Battle started"
"LOG_WAVE_START","第 %d/%d 波开始。","Wave %d/%d started."
"LOG_PLAYER_TURN_START","玩家回合 %d：请选择角色和卡牌。","Player turn %d: choose a character and a card."
"LOG_CANNOT_USE_CARD","现在不能使用卡牌。","Cards cannot be used right now."
"LOG_CHARACTER_UNAVAILABLE","%s 已无法行动。","%s can no longer act."
"LOG_CHARACTER_ACTED","%s 本回合已经行动过。","%s has already acted this turn."
"LOG_CARD_AP_REQUIRED","%s 需要 AP ≥ %.1f。","%s requires AP ≥ %.1f."
"LOG_NO_ENEMY_TARGET","没有可攻击的敌人。","There are no enemies to attack."
"LOG_SELECT_ALLY_TARGET","请选择一名我方角色作为防御目标。","Choose an allied character as the defense target."
"LOG_CARD_QUESTION","%s 使用 %s，需要回答%s题。","%s used %s and must answer a %s question."
"LOG_EFFECT_APPLIED","%s 对 %s 施加了 %s，持续 %d 回合。","%s applied an effect to %s: %s for %d turns."
"LOG_ENEMY_REWARD","击败 %s，获得 %.1f New TOEFL。","Defeated %s and gained %.1f New TOEFL."
"LOG_ENEMY_CARD_DROP","击败 %s，随机获得通用卡牌：%s。","Defeated %s and received a random general card: %s."

"PHASE_READY","准备","Ready"
"PHASE_PLAYER","玩家回合","Player Turn"
"PHASE_DIFFICULTY","选择难度","Choose Difficulty"
"PHASE_QUESTION","答题中","Answering"
"PHASE_ENEMY","敌方回合","Enemy Turn"
"PHASE_VICTORY","胜利","Victory"
"PHASE_DEFEAT","失败","Defeat"

"ROUND_FORMAT","第 %d 回合","Round %d"
"WAVE_FORMAT","波次 %d/%d","Wave %d/%d"
"DIFFICULTY_EASY","简单","Easy"
"DIFFICULTY_MEDIUM","中等","Medium"
"DIFFICULTY_HARD","困难","Hard"
"QUESTION_SELECT_DIFFICULTY","选择题目难度","Choose Question Difficulty"
"ATTRIBUTE_PINYIN","拼音","Pinyin"
"ATTRIBUTE_VOCABULARY","词汇","Vocabulary"
"ATTRIBUTE_CULTURE","文化","Culture"
"STATUS_ACTED","已行动","Acted"
"STATUS_READY","可行动","Ready"
"PASSIVE_PINYIN","全员生命与伤害卡效果 +20%，可叠加","Team HP and damage-card effects +20%, stackable"
"PASSIVE_VOCABULARY","错题补偿概率 +25%，可叠加","Wrong-answer compensation chance +25%, stackable"
"PASSIVE_CULTURE","AP 增长 +0.25，可叠加","AP gain +0.25, stackable"
"PASSIVE_NONE","暂无","None"
"INFO_NO_SKILL","暂无","None"
"QUESTION_HEADER_FORMAT","[%s / %s]\n%s","[%s / %s]\n%s"
"COMMON_CANCEL","取消","Cancel"
"CARD_SKILL_COST","消耗 AP %.0f","%.0f AP"
"CARD_SKILL_BASE_EFFECT","基础技能效果","Base effect"
"CARD_GENERAL_TEAM_GAIN","全队获得","Team"
"CARD_AP_FORMAT","+%.1f AP","+%.1f AP"
"CARD_ATTACK_DAMAGE","造成 %d 伤害","%d damage"
"CARD_ANSWER_ENHANCE","答对强化","Correct: bonus"
"CARD_DEFENSE_REDUCTION","获得 %.0f%% 减伤","%.0f%% guard"

"CHARACTER_BUDDING","βudding","βudding"
"CHARACTER_RABBIT","天才兔","Rabbert Einstein"
"CHARACTER_LAWILIM","Lawilim","Lawilim"

"CHARACTER_BUDDING_DESCRIPTION","βudding\n属性：文化\n被动：AP 增长 +0.25","βudding\nType: Culture\nPassive: AP gain +0.25"
"CHARACTER_RABBIT_DESCRIPTION","天才兔\n属性：拼音\n被动：全员生命与伤害卡效果 +20%","Rabbert Einstein\nType: Pinyin\nPassive: Team HP and damage-card effects +20%"
"CHARACTER_LAWILIM_DESCRIPTION","Lawilim\n属性：词汇\n被动：错题补偿概率 +25%","Lawilim\nType: Vocabulary\nPassive: Wrong-answer compensation chance +25%"

"ENEMY_PINYIN_BUN","拼音包子","Pinyin Bun"
"ENEMY_VOCAB_BUN","词汇包子","Vocabulary Bun"
"ENEMY_CULTURE_BUN","文化包子","Culture Bun"
"ENEMY_PINYIN_SLIME","拼音史莱姆","Pinyin Slime"
"ENEMY_VOCAB_SLIME","词汇史莱姆","Vocabulary Slime"
"ENEMY_CULTURE_SLIME","文化史莱姆","Culture Slime"
"ENEMY_PINYIN_MASK","拼音面具","Pinyin Mask"
"ENEMY_VOCAB_MASK","词汇面具","Vocabulary Mask"
"ENEMY_CULTURE_MASK","文化面具","Culture Mask"
"ENEMY_NIAN_BEAST","年兽","Nian Beast"

"ENEMY_PINYIN_BUN_DESCRIPTION","拼音包子\n属性：拼音\n技能：对全体我方角色造成 7 点基础伤害","Pinyin Bun\nType: Pinyin\nSkill: Deals 7 base damage to all enemies"
"ENEMY_VOCAB_BUN_DESCRIPTION","词汇包子\n属性：词汇\n技能：对全体我方角色造成 7 点基础伤害","Vocabulary Bun\nType: Vocabulary\nSkill: Deals 7 base damage to all enemies"
"ENEMY_CULTURE_BUN_DESCRIPTION","文化包子\n属性：文化\n技能：对全体我方角色造成 7 点基础伤害","Culture Bun\nType: Culture\nSkill: Deals 7 base damage to all enemies"
"ENEMY_PINYIN_SLIME_DESCRIPTION","拼音史莱姆\n属性：拼音\n技能：①为全体怪物增加 10 点护盾\n②对随机一名我方角色造成 5 点基础伤害","Pinyin Slime\nType: Pinyin\nSkill: ①Grants 10 shield to all monsters\n②Deals 5 base damage to one random enemy"
"ENEMY_VOCAB_SLIME_DESCRIPTION","词汇史莱姆\n属性：词汇\n技能：①为全体怪物增加 10 点护盾\n②对随机一名我方角色造成 5 点基础伤害","Vocabulary Slime\nType: Vocabulary\nSkill: ①Grants 10 shield to all monsters\n②Deals 5 base damage to one random enemy"
"ENEMY_CULTURE_SLIME_DESCRIPTION","文化史莱姆\n属性：文化\n技能：①为全体怪物增加 10 点护盾\n②对随机一名我方角色造成 5 点基础伤害","Culture Slime\nType: Culture\nSkill: ①Grants 10 shield to all monsters\n②Deals 5 base damage to one random enemy"
"ENEMY_PINYIN_MASK_DESCRIPTION","拼音面具\n属性：拼音\n技能：对随机一名我方角色造成 15 点基础伤害","Pinyin Mask\nType: Pinyin\nSkill: Deals 15 base damage to one random enemy"
"ENEMY_VOCAB_MASK_DESCRIPTION","词汇面具\n属性：词汇\n技能：对随机一名我方角色造成 15 点基础伤害","Vocabulary Mask\nType: Vocabulary\nSkill: Deals 15 base damage to one random enemy"
"ENEMY_CULTURE_MASK_DESCRIPTION","文化面具\n属性：文化\n技能：对随机一名我方角色造成 15 点基础伤害","Culture Mask\nType: Culture\nSkill: Deals 15 base damage to one random enemy"
"ENEMY_NIAN_BEAST_DESCRIPTION","年兽\n属性：文化\n技能：①随机虚弱一名角色并造成 22 点基础伤害\n②锁定目标蓄力后造成 100 点基础伤害","Nian Beast\nType: Culture\nSkill: ①Weakens one random character and deals 22 base damage\n②Locks a target and charges before dealing 100 base damage"

"ENEMY_SKILL_SLIME","为全体怪物增加 %d 点护盾","Grants %d shield to all monsters"
"ENEMY_SKILL_BUN","对全体我方角色造成 %d 点基础伤害","Deals %d base damage to all enemies"
"ENEMY_SKILL_MASK","对随机一名我方角色造成 %d 点基础伤害","Deals %d base damage to one random allied character"

"ENEMY_ABILITY_NIAN_WEAKENING_STRIKE","年兽震吼","Nian Roar"
"ENEMY_ABILITY_NIAN_CHARGE_ATTACK","年兽蓄势","Nian's Charge"

"CARD_BUDDING_ATTACK","文化纸牌","Culture Card"
"CARD_BUDDING_ATTACK_DESC","对敌人施加 20% 易伤，持续 2 回合，并造成 24 点基础伤害。","Apply 20% Vulnerable for 2 turns then deals 24 base damage."
"CARD_BUDDING_DEFENSE","社团守护","Club Guard"
"CARD_BUDDING_DEFENSE_DESC","对选中目标施加 40% 减伤。","Apply 40% damage reduction to the selected target."
"CARD_BUDDING_SKILL","清明春风","Qingming Breeze"
"CARD_BUDDING_SKILL_DESC","对全体怪物造成 40 点基础伤害。","Deal 40 base damage to all monsters."
"CARD_RABBIT_ATTACK","拼音连击","Pinyin Combo"
"CARD_RABBIT_ATTACK_DESC","对选中目标造成 26 点基础伤害，并对其余敌人造成 13 点基础伤害。","Deal 26 base damage to the selected target and half the damage to every other enemy."
"CARD_RABBIT_DEFENSE","声调护盾","Tone Shield"
"CARD_RABBIT_DEFENSE_DESC","对选中目标施加 30% 减伤。","Apply 30% damage reduction to the selected target."
"CARD_RABBIT_SKILL","四声爆发","Four-Tone Burst"
"CARD_RABBIT_SKILL_DESC","对选中目标造成 92 点基础伤害。","Deal 92 base damage to the selected target."
"CARD_LAWILIM_ATTACK","词汇冲击","Vocab Impact"
"CARD_LAWILIM_ATTACK_DESC","对选中目标造成 43 点基础伤害。","Deal 43 base damage to the selected target."
"CARD_LAWILIM_DEFENSE","成语屏障","Chengyu Barrier"
"CARD_LAWILIM_DEFENSE_DESC","对选中目标施加 35% 减伤。","Apply 35% damage reduction to the selected target."
"CARD_LAWILIM_SKILL","词海回响","Word-Sea Echo"
"CARD_LAWILIM_SKILL_DESC","对全体怪物造成 42 点基础伤害。","Deal 42 base damage to all monsters."
"CARD_POTION_OF_CONFUCIUS","孔子药水","Potion of Confucius"
"CARD_POTION_OF_CONFUCIUS_DESC","立刻获得 +2.5 AP。","Immediately gain +2.5 AP."
"CARD_DAGGER_OF_JINGKE","荆轲匕首","Dagger of Jing Ke"
"CARD_DAGGER_OF_JINGKE_DESC","以目标当前生命值的 30% 作为基础伤害","Uses 30% of the target's current HP as base damage"
"CARD_CURRENT_HP_DAMAGE","当前生命 %d%%\n作为基础伤害","%d%% current HP\nas base damage"
"CARD_IMPENETRABLE_SHIELD","不可破之盾","Impenetrable Shield"
"CARD_IMPENETRABLE_SHIELD_DESC","完全免疫一次伤害。","Completely negate the next damage."
"CARD_MENGHAN_TOXIN","蒙汗药","Menghan Toxin"
"CARD_MENGHAN_TOXIN_DESC","指定一名敌人使其眩晕。","Stun an enemy and skip its next action."
"CARD_ELIXIR_OF_HUATUO","华佗仙药","Elixir of Hua Tuo"
"CARD_ELIXIR_OF_HUATUO_DESC","立即回复最大生命值的 40%。","Immediately restore 40% of the maximum HP."
"CARD_GALL_OF_GOUJIAN","卧薪尝胆","Gall of Goujian"
"CARD_GALL_OF_GOUJIAN_DESC","指定一名我方角色。\n本回合伤害 -50%，随后 2 回合伤害 +30%。","Choose an ally.\nDeal 50% less damage this turn, then 30% more for 2 turns."
"CARD_INSIGHT_OF_PAODING","庖丁之悟","Insight of Paoding"
"CARD_INSIGHT_OF_PAODING_DESC","对敌人施加 20% 易伤，持续 2 回合。","Apply 20% Vulnerable for 2 turns."
"CARD_SMASHED_CAULDRON","破釜沉舟","Smashed Cauldron"
"CARD_SMASHED_CAULDRON_DESC","指定一名我方角色。\n受到伤害 +100%，但造成伤害 +30%，持续 2 回合。","Choose an ally.\nThey take 100% more damage and deal 30% more for 2 turns."
"CARD_SIX_SEVEN","六七","Six Seven"
"CARD_SIX_SEVEN_DESC","指定一名我方角色，直接扣除其 67 点生命。","Choose an ally and directly remove 67 HP."

"EFFECT_DAMAGE_IMMUNITY","伤害免疫","Damage Immunity"
"EFFECT_DAMAGE_IMMUNITY_DESC","完全免疫下一次受到的伤害，触发后消失。","Completely negates the next instance of damage, then expires."
"EFFECT_STUN","眩晕","Stun"
"EFFECT_STUN_DESC","跳过下一次行动。","Skips the next action."
"EFFECT_WEAKNESS","虚弱","Weakness"
"EFFECT_WEAKNESS_DESC","造成的伤害降低 %d%%。","Damage dealt is reduced by %d%%."
"EFFECT_STRENGTH","力量","Strength"
"EFFECT_STRENGTH_DESC","造成的伤害提高 %d%%。","Damage dealt is increased by %d%%."
"EFFECT_TARGET_LOCK","瞄准","Target Lock"
"EFFECT_TARGET_LOCK_VALUE","瞄准","Aim"
"EFFECT_TARGET_LOCK_DESC","正在瞄准：%s。","Aiming at %s."
"EFFECT_VULNERABLE","易伤","Vulnerable"
"EFFECT_VULNERABLE_DESC","受到的伤害提高 %d%%。","Damage taken is increased by %d%%."
"EFFECT_SOURCE_UNKNOWN","未知","Unknown"
"EFFECT_TOOLTIP_FORMAT","%s：%s","%s: %s"

"RESULT_CORRECT","回答正确","Correct"
"RESULT_WRONG","回答错误","Incorrect"
"RESULT_VOCABULARY_TRIGGER","，但词汇被动触发！",", but vocabulary passive triggered!"
"RESULT_VICTORY_TITLE","胜利","Victory"
"RESULT_VICTORY_MESSAGE","敌方全灭！New TOEFL：%.1f","All enemies defeated! New TOEFL: %.1f"
"RESULT_DEFEAT_TITLE","失败","Defeat"
"RESULT_DEFEAT_MESSAGE","我方全灭,再试试呢！","The team was defeated, try again!"

"Q_PY_EASY_1_PROMPT","“你好”的拼音是哪一个？","Which pinyin matches “你好”?"
"Q_PY_EASY_1_O0","ni hao","ni hao"
"Q_PY_EASY_1_O1","wo ai","wo ai"
"Q_PY_EASY_1_O2","xie xie","xie xie"
"Q_PY_EASY_1_O3","zai jian","zai jian"
"Q_PY_EASY_1_EXPLANATION","你好 = ni hao。","你好 = ni hao."
"Q_PY_EASY_2_PROMPT","“谢谢”的拼音是哪一个？","Which pinyin matches “谢谢”?"
"Q_PY_EASY_2_O0","qing wen","qing wen"
"Q_PY_EASY_2_O1","xie xie","xie xie"
"Q_PY_EASY_2_O2","lao shi","lao shi"
"Q_PY_EASY_2_O3","peng you","peng you"
"Q_PY_EASY_2_EXPLANATION","谢谢 = xie xie。","谢谢 = xie xie."
"Q_PY_MEDIUM_1_PROMPT","“老师”的正确拼音是？","What is the correct pinyin for “老师”?"
"Q_PY_MEDIUM_1_O0","lao shi","lao shi"
"Q_PY_MEDIUM_1_O1","luo si","luo si"
"Q_PY_MEDIUM_1_O2","la shi","la shi"
"Q_PY_MEDIUM_1_O3","liang shi","liang shi"
"Q_PY_MEDIUM_1_EXPLANATION","老师 = lao shi。","老师 = lao shi."
"Q_PY_MEDIUM_2_PROMPT","“中国”的正确拼音是？","What is the correct pinyin for “中国”?"
"Q_PY_MEDIUM_2_O0","zhong guo","zhong guo"
"Q_PY_MEDIUM_2_O1","zhong gua","zhong gua"
"Q_PY_MEDIUM_2_O2","zong guo","zong guo"
"Q_PY_MEDIUM_2_O3","cheng guo","cheng guo"
"Q_PY_MEDIUM_2_EXPLANATION","中国 = zhong guo。","中国 = zhong guo."
"Q_PY_HARD_1_PROMPT","“北京二中”的拼音更接近哪一个？","Which pinyin is closest to “北京二中”?"
"Q_PY_HARD_1_O0","bei jing er zhong","bei jing er zhong"
"Q_PY_HARD_1_O1","bai jing yi zhong","bai jing yi zhong"
"Q_PY_HARD_1_O2","bei jin er zong","bei jin er zong"
"Q_PY_HARD_1_O3","bei qing er zhong","bei qing er zhong"
"Q_PY_HARD_1_EXPLANATION","北京二中 = bei jing er zhong。","北京二中 = bei jing er zhong."
"Q_PY_HARD_2_PROMPT","“中文社”的拼音是？","What is the pinyin for “中文社”?"
"Q_PY_HARD_2_O0","zhong wen she","zhong wen she"
"Q_PY_HARD_2_O1","zhong wen se","zhong wen se"
"Q_PY_HARD_2_O2","zong wen she","zong wen she"
"Q_PY_HARD_2_O3","cheng wen she","cheng wen she"
"Q_PY_HARD_2_EXPLANATION","中文社 = zhong wen she。","中文社 = zhong wen she."
"Q_VOC_EASY_1_PROMPT","“水”是什么意思？","What does “水” mean?"
"Q_VOC_EASY_1_O0","water","water"
"Q_VOC_EASY_1_O1","fire","fire"
"Q_VOC_EASY_1_O2","school","school"
"Q_VOC_EASY_1_O3","card","card"
"Q_VOC_EASY_1_EXPLANATION","水 = water。","水 = water."
"Q_VOC_EASY_2_PROMPT","“朋友”是什么意思？","What does “朋友” mean?"
"Q_VOC_EASY_2_O0","teacher","teacher"
"Q_VOC_EASY_2_O1","friend","friend"
"Q_VOC_EASY_2_O2","monster","monster"
"Q_VOC_EASY_2_O3","answer","answer"
"Q_VOC_EASY_2_EXPLANATION","朋友 = friend。","朋友 = friend."
"Q_VOC_MEDIUM_1_PROMPT","“教室”是什么意思？","What does “教室” mean?"
"Q_VOC_MEDIUM_1_O0","classroom","classroom"
"Q_VOC_MEDIUM_1_O1","library","library"
"Q_VOC_MEDIUM_1_O2","office","office"
"Q_VOC_MEDIUM_1_O3","gym","gym"
"Q_VOC_MEDIUM_1_EXPLANATION","教室 = classroom。","教室 = classroom."
"Q_VOC_MEDIUM_2_PROMPT","“迟到”是什么意思？","What does “迟到” mean?"
"Q_VOC_MEDIUM_2_O0","to arrive late","to arrive late"
"Q_VOC_MEDIUM_2_O1","to study","to study"
"Q_VOC_MEDIUM_2_O2","to win","to win"
"Q_VOC_MEDIUM_2_O3","to ask","to ask"
"Q_VOC_MEDIUM_2_EXPLANATION","迟到 = to arrive late。","迟到 = to arrive late."
"Q_VOC_HARD_1_PROMPT","“吉祥物”是什么意思？","What does “吉祥物” mean?"
"Q_VOC_HARD_1_O0","mascot","mascot"
"Q_VOC_HARD_1_O1","homework","homework"
"Q_VOC_HARD_1_O2","culture","culture"
"Q_VOC_HARD_1_O3","question","question"
"Q_VOC_HARD_1_EXPLANATION","吉祥物 = mascot。","吉祥物 = mascot."
"Q_VOC_HARD_2_PROMPT","“减伤”在游戏里更接近？","What does “减伤” mean in a game?"
"Q_VOC_HARD_2_O0","damage reduction","damage reduction"
"Q_VOC_HARD_2_O1","extra gold","extra gold"
"Q_VOC_HARD_2_O2","new level","new level"
"Q_VOC_HARD_2_O3","random card","random card"
"Q_VOC_HARD_2_EXPLANATION","减伤 = damage reduction。","减伤 = damage reduction."
"Q_CUL_EASY_1_PROMPT","春节通常和哪种颜色关系最密切？","Which color is most closely associated with the Spring Festival?"
"Q_CUL_EASY_1_O0","红色","Red"
"Q_CUL_EASY_1_O1","蓝色","Blue"
"Q_CUL_EASY_1_O2","黑色","Black"
"Q_CUL_EASY_1_O3","紫色","Purple"
"Q_CUL_EASY_1_EXPLANATION","春节常用红色表达喜庆。","Red commonly represents celebration during the Spring Festival."
"Q_CUL_EASY_2_PROMPT","中秋节常吃什么？","What food is commonly eaten during the Mid-Autumn Festival?"
"Q_CUL_EASY_2_O0","月饼","Mooncakes"
"Q_CUL_EASY_2_O1","饺子","Dumplings"
"Q_CUL_EASY_2_O2","粽子","Zongzi"
"Q_CUL_EASY_2_O3","面条","Noodles"
"Q_CUL_EASY_2_EXPLANATION","中秋节常吃月饼。","Mooncakes are commonly eaten during the Mid-Autumn Festival."
"Q_CUL_MEDIUM_1_PROMPT","清明节常见活动是？","Which activity is common during the Qingming Festival?"
"Q_CUL_MEDIUM_1_O0","扫墓","Tomb sweeping"
"Q_CUL_MEDIUM_1_O1","贴春联","Putting up spring couplets"
"Q_CUL_MEDIUM_1_O2","吃月饼","Eating mooncakes"
"Q_CUL_MEDIUM_1_O3","赛龙舟","Dragon boat racing"
"Q_CUL_MEDIUM_1_EXPLANATION","清明节常见活动包括扫墓。","Tomb sweeping is a common Qingming Festival activity."
"Q_CUL_MEDIUM_2_PROMPT","端午节常见食物是？","Which food is common during the Dragon Boat Festival?"
"Q_CUL_MEDIUM_2_O0","粽子","Zongzi"
"Q_CUL_MEDIUM_2_O1","月饼","Mooncakes"
"Q_CUL_MEDIUM_2_O2","汤圆","Tangyuan"
"Q_CUL_MEDIUM_2_O3","蛋糕","Cake"
"Q_CUL_MEDIUM_2_EXPLANATION","端午节常吃粽子。","Zongzi is commonly eaten during the Dragon Boat Festival."
"Q_CUL_HARD_1_PROMPT","“中文社”最可能推广的是？","What would a Chinese club most likely promote?"
"Q_CUL_HARD_1_O0","中文学习和中国文化","Chinese learning and Chinese culture"
"Q_CUL_HARD_1_O1","化学实验","Chemistry experiments"
"Q_CUL_HARD_1_O2","足球训练","Football training"
"Q_CUL_HARD_1_O3","机器人维修","Robot maintenance"
"Q_CUL_HARD_1_EXPLANATION","中文社围绕中文学习和文化交流。","A Chinese club focuses on Chinese learning and cultural exchange."
"Q_CUL_HARD_2_PROMPT","春节贴春联通常表达什么？","What do Spring Festival couplets usually express?"
"Q_CUL_HARD_2_O0","祝福和新年愿望","Blessings and New Year wishes"
"Q_CUL_HARD_2_O1","考试答案","Exam answers"
"Q_CUL_HARD_2_O2","地图路线","Map routes"
"Q_CUL_HARD_2_O3","购物清单","Shopping lists"
"Q_CUL_HARD_2_EXPLANATION","春联常表达祝福与新年愿望。","Spring couplets commonly express blessings and New Year wishes."